questionID,diagnosisName,fk_categoryID,hint,numberOfImages
030d4beb-22b9-4e03-8f79-692c4d1faf29,Lymphangioma,4,,0
06f8c025-8e5a-4159-9e93-51f1bf4c4086,Mucocele,4,"A lesion resulting most frequently from local trauma leading to rupture of a salivary duct and spill",2
09ca2a7d-cbb3-486f-8875-030d69cbebb5," Aphthous Ulcer",4,"Recurrent ulcerations seen almost exclusively on non-keratinized mucosa.",2
0a63277f-ffd3-42d6-863d-1775aa1125ee,"Necrotizing Sialometaplasia",4,,1
0c50fdcb-fb09-403b-b64b-534f1cb4f110,"Frictional Keratosis",4,"Roughened white, keratotic surface caused by chronic mechanical irritation",2
0cdf5bba-e0fa-4f25-aba2-75e416735b61,"Epulis Fissuratum",4,"Folds of fibrous connective tissue that develop in association with the flange of an ill-fitting den",0
0ebc260a-e8f5-4a66-8265-f7f063d1587e,"Gingival Hyperplasia",4,"Most commonly seen in patients taking phenytoin, cyclosporine, and nifedipine.",16
11202bc5-21a5-490d-bec1-91ff80857aa1,Ankyloglossia,4,Tongue-tie,0
14113286-cfbc-41d1-b7e1-d77db4fbc23b,"Osteogenesis Imperfecta",1,"Associated with blue sclera",2
146718d2-7766-461d-81a2-eb575b8cabd1,Hypercementosis,2,"Deposition of excessive cementum ",2
181328d7-d0db-4169-8aa2-3bb5cbca7a1f,"Inflammatory Papillary Hyperplasia",4,"Numerous papules of the vault of the palate often associated with an ill-fitting denture",1
1ac04ed7-fb5e-48a7-96b8-4643507b0fd3,"Ectodermal Dysplasia",2,"Hypodontia, absent sweat glands, and fine, thin hair ",5
1e8981c3-be37-495b-87d5-45945e400b9e,"Internal Root Resorption",2,"Destruction of teeth by cells located in the pulp",1
1fafaa57-0253-45da-a027-976095bd1cbd,"Benign Mucous Membrane Pemphigoid",4,,6
25afd8c6-c4a0-450d-8bbd-d29501a7d91a,Sialolithiasis,4,"Most commonly develop in Wharton's duct",2
26196435-ea9a-4996-9330-150e9bc33c5a,"Squamous Cell Carcinoma",4,"The most common malignancy of the oral cavity . Clinically, the lesion may have a leukoplakic, eryth",16
28656c13-7cc2-48fd-bd2b-c933667aef56,"Fibrous Dysplasia",1,"Ground-glass appearance of bone",2
29a8658e-483c-4455-a204-b8b0a1657754,"Multilocular Radiolucency",3,"Radiolucent lesion with bony septa forming internal compartments",0
2e0f0d79-a95b-4966-9eb8-38f6d9315580,"Nasal fossa floor",1,"Radiopaque line extending bilaterally away from the base of the anterior nasal spine",0
2f214f05-6b7a-4e00-8001-8c8508dae015,"Extrinsic Staining",2,"Staining that can be removed by prophylaxis ",2
304cb8d5-4108-4cd6-882f-a157fde93bb0,"Dentinogenesis Imperfecta",2,"Hereditary developmental alterations in dentin only in the absence of a systemic disorder",12
31170861-de64-44d2-ae79-602358b85a5c,"Residual Cyst",3,"The odontogenic cyst which most frequently undergoes malignant transformation",1
338134f3-919d-4823-93d2-7d046c904790,"Movement artifact",1,"Causes increased radiographic blurring",0
342f8f12-bf46-43a1-b6c2-b27f40fbcd0d,Attrition,2,"Wearing away of tooth structure by tooth to tooth contact",1
37d3aff9-b6a0-414f-9537-299efdc7c143,"Fordyce Granules",4,"Ectopic sebaceous glands seen on oral mucosa ",4
38b0b90c-3e62-4c63-861c-b1ad7742d202,"Actinic Cheilitis ",4,"Premalignant condition, present in sun exposed skin",1
3a0286d2-8340-4df5-a6da-7cd7c846ac7e,Fusion,2,"Adjoined adjacent tooth buds resulting in a missing tooth",1
3ace4f69-2953-418d-a8a7-d95940fb71ca,"Macroglossia ",4,"Congenital or acquired enlargement of the tongue",0
3b37ff30-5f88-4d23-a604-dbf0d74e5e95,"Nasopalatine foramen",1,"Seen radiographically between the roots of the maxillary central incisors ",0
3cb69866-abf0-4b75-ad00-6efcf3d8a17d,"Mulberry Molar",2,"Altered posterior teeth associated with congenital syphilis ",0
3d4259ae-80ae-43e0-ba4f-12d5dedc8e98,Zygoma,1,"May be seen entending posteriorly from the inferior border of the zygomatic process of the maxilla",0
3f4589f1-a944-4935-81d3-cc32b153a1f2,"Enamel Hypoplasia",2,"Pits, grooves, or larger areas of missing enamel",4
401a6dbe-f3a3-4807-884c-6dc414e74f19,"Ameloblastic Fibro-odontoma",3,"Mixed odontogenic tumor with a mean age of 12 years at presentation",4
407333eb-f6b6-446b-99b8-e325d3232cc9,"Nicotine Stomatitis",4,"Dilated and inflamed salivary duct openings seen on palate caused by heat",4
429a4ce2-9a9c-44b4-99a7-5acd865adefa,"Seborrheic keratosis",4,"Acquired benign proliferation of epidermal basal cells, seen most commonly in older adults.  Not pre",1
42d2cdc9-7cec-4d26-a4f0-cd39f03aca67,"Necrotizing Ulcerative Gingivitis",4,"""Punched-out"" interdental papillae",6
432a4581-8161-41e1-b50d-714281f16601,"Gingival Cyst",3,,1
440747e8-1f40-4614-969c-f7ece2be8b0a,Parulis,4,"Small, localized swelling adjacent to a non-vital tooth",9
448d9b18-b700-4516-b885-a24420b51f77,"Accessory cusp",2,"Extra cusp",1
469c4e89-a9a4-42d1-b341-d5c833efacad,"Bechet's Disease",4,"Positive pathergy test",0
46a57c56-6cf1-47be-ab07-d6705b179ce1,Macrodontia,2,"Large teeth",3
481c9db0-dfb7-4f3f-af57-7ce46adfcbd6,"Aneurysmal Bone Cyst",1,,4
487822fa-d294-42a8-8b85-132a8dc02e63,"Dentin Dysplasia",2,,2
48c64eed-bbb3-48f0-8420-d22c8561b1f3,Erosion,2,"Loss of tooth structure due to exposure to chemicals/ nonbacterial acids",2
4a757b53-435f-4cf1-9e75-791d9c144e76,"Cowden Syndrome",4,,1
4c2b8b22-adb6-427e-bf47-55ef1156a1c0,Concresence,2,"Union of two teeth by cementum only",4
4e7f2c8c-846b-4d22-b4cb-f9b61a9056f2,"Cheek Biting (Morsicatio Buccarum)",4,"Shaggy appearance of buccal mucosa",1
4f604fe3-4e4f-42d9-8409-9190449b3603,Osteoblastoma,1,"Pain is not relieved by aspirin",1
503941ec-b770-4e49-acc6-d92a4b9a75d0,"Amalgam Tattoo",4,"Pigmented lesion that often appears on gingiva adjacent to amalgam restorations or crowns",9
50807418-e2b5-4600-b6e6-ccf87807ee09,"Lateral Radicular Cyst",3,"Forms in association with an infected lateral canal",1
525ddf91-e5b5-462c-9a87-a72b39e36b52,"Calcifying Odontogenic Cyst",3,"Ghost cells are the characteristic microscopic feature",1
544bd218-ce04-4d55-b352-d959a0699671,"Melanotic Macule",4,"Focal increase in melanin deposition.",3
56d97a2a-0a10-4418-a9c1-d27fe3df2e1a,"Dentigerous Cyst",3,"Radiolucent lesion around the crown of an impacted tooth that attaches at the CEJ",4
5794e459-9be0-4d64-a4a1-a0e4f9268f9d,"Dense Bone Island",1,"Idiopathic focal area of increased radiopacity",1
5903b04f-5f18-4408-9f49-b98cb797507e,"Oral Hairy Leukoplakia",4,,4
59e4fe91-ecf4-4d5e-926e-e55e44834175,"Lichen Planus",4,"A dermatologic or mucosal condition frequently characterized by interlacing white lines.  ",3
59fc84ec-e9ca-4f32-b3f9-f52050b4f784,"Nasopalatine Duct Cyst",1,"Most common non-odontogenic cyst of the jaws",1
5fe3a20f-4dc3-486c-9958-319fba5357e2,"Chemical Burn",4,"Caused by caustic chemicals",6
60846b32-df08-4e31-b869-781b72eb9de6,"Periapical Radiolucency",3,"Radiolucent lesion seen apical to tooth roots",4
61c47b5c-e4b3-4c95-bdf8-a4ebf92d3b28,"Commisural Lip Pits",4,"Small mucosal invaginations occuring at the corners of the mouth",0
63ac0bb7-f7fa-4ee2-86e7-1858d67778c8,Leukoplakia,4,"White patch that cannot be clinically or pathologically diagnosed as any other condition",7
6425db68-d788-4e6a-9f1c-a83257b81121,Fibroma,4,"Reactive hyperplasia of fibrous connective tissue in response to trauma or irritation",0
68c9c6ee-283f-435c-a2fd-426483d12cb9,"Hereditary Hemorrhagic Telangiectasia",4,,5
68dc11b3-6a3c-4305-bdb1-b219f7441abb,"Turner's Hypoplasia",2,"Associated with periapical inflammation or trauma to primary tooth",3
6abe5f71-0fcf-416e-b0f4-d708ab9ead18,"Cone Cut",1,"Misalignment of x-ray tube head resulting in a partial image",0
6b5fe799-14b3-45e3-84c2-b8002829a497,Abrasion,2,"Mechanical, frictional wearing away of tooth structure ",3
6ce2ca9c-da83-4307-8c4d-062d1307a1b5,Odontoma,3,"Most common odontogenic tumor of the jaws",7
6eadff71-abef-4519-a840-926c7c184539,"Fissured Tongue",4,"Numerous grooves on dorsal tongue surface",0
7597cec3-c0f5-4e0c-b9c3-bf84a0c22da0,"Florid Cemento-osseous Dysplasia",1,"Widespread form of periapical cemento-osseous dysplasia that is seen throughout the jaws most common",10
77ca0504-bec2-4e07-949c-eb859c15f475,"Ill Defined Radiolucency",3,"Radiolucent lesion with borders that blend into surrounding bone and are difficult to trace on the r",0
7b145cab-7e9e-4acb-8b97-ee0a774ceef5,"Lateral Periodontal Cyst",3,"Strong predilection for the mandibular canine-premolar region",1
7b4b6560-86f4-4b45-8fd4-0158eba8dba7,"Lymphoepithelial Cyst",4,,3
7cad3067-4717-4c5f-a642-efffc3de1b85,Varix,4,"Abnormally dilated and tortuous veins",2
7e78ae2b-aad4-4bf6-bdbf-50824d49c867,"Tramatic Ulcer",4,"Injury of the oral mucosa, often caused by mechanical damage",5
80bdc7bb-47ba-4e2d-9bd7-ded7266306a3,"Sinus floor",1,"Radiopaque line representing inferior cortical border of maxillary sinus",0
81b72d29-fd4c-4ee6-b3e3-51a974ecdf93,"Horizontal Impaction",1,"3% of impactions, second easiest to remove",0
84efab80-a93a-433a-806c-aa1af8f924ab,"Neurofibromatosis ",4,"Multiple neurofibromas, cafŽ au lait pigmentation, Crowe's sign, Lisch nodules",0
866e36f0-6e92-499c-88e5-cb411cfd70b8,"Double exposure",1,"Will show two overlapping images with blurring",0
876c5d71-9f2c-4044-a766-b917954de112,"Paget's Disease of Bone",1,,1
878dc10a-167c-4733-8239-c239f0e1fbaa,Malignancy,1,,2
89a0a767-8669-4420-97f4-7d5de23be038,"Mental Foramen",1,"Usually seen near the apex of the second premolar",0
8a15104b-4f25-4b90-9cc3-ea0e02393fe1,"Glandular Odontogenic Cyst",3,,2
8a5479ac-1f2c-4925-95ff-9310cb7c152f,"Calcifying Epithelial Odontogenic Cyst (Pindborg Tumor)",3,,1
8a5f7080-9150-451d-9663-29fe39a20983,"Ala of the Nose",1,"Soft tissue structure frequently seen in  periapical radiographs of maxillary incisors superimposed ",0
8b21cdf7-89e0-4c4b-8f84-3b4adb5a5d1d,"Vertical Bone Loss",1,"Crest of remaining alveolar bone displays an oblique angulation",0
8bc584ea-0d52-472e-b90e-f6d57080668e,Osteosarcoma,1,"Most common primary malignant tumor of bone",0
8cc2e778-1bef-46a4-b451-812516401eb0,"Squamous Papilloma",4,"Benign papillary proliferation of squamous epithelium associated with the HPV virus",5
8e5b0655-81a2-402c-9026-097b472b1204,"Ossifying Fibroma ",1,,1
8f75d4fa-bbed-471f-821a-ab6f22f20fa1,"Intrinsic Drug Staining",2,"Internal staining which cannot be removed by prophylaxis ",8
9196a044-e1b8-40f8-8bbe-237e82b49b55,"Bell's Palsy",4,,0
959efd2f-c1e9-45a2-894f-5a5f2eefd71d,"External Root Resorption",2,"Destruction of teeth by cells located in the PDL",3
96fa3712-4545-48a4-932a-7216ed765a88,"Mental Foramen",1,"Usually seen near the apex of the second premolar",0
98b08409-88a9-4747-b31c-973302230c38,"Mixed Radiolucent Radiopaque Lesion",3,"Radiolucent lesion with an internal radiopaque calcified component that may be either subtle or prom",0
9e7c2af1-8528-40c6-91f2-4a9f26b18d0d,"Erosive Lichen Planus",4,"Most common cause of desquamative gingivitis",0
a30efb63-2d73-40cd-bc85-0cd7129a1d0a,"Amelogenesis Imperfecta",2,"Hereditary developmental alterations in enamel only in the absence of a systemic disorder",6
a31edffc-2a1c-4c76-ad14-b4e2f6d8d3da,"Focal Cemento-osseous Dysplasia",1,,1
a3253994-db6c-4fc2-9b13-6871dea61baa,"Lingual Varicosities ",4,"Abnormally dilated and tortuous veins",9
a4c3ed23-c2b0-4e96-82fc-0f5e03a4b103,"Hairy Tongue",4,"Elongated filiform papilla",0
a89e2e2e-6a87-45f0-9780-23cc3bbdf5a7,"Tetracycline Staining",2,"Bright yellow fluorescence under UV light",8
a8d175f9-0eae-488f-8ea9-50c61d585d63,"Erythema Migrans/ Geographic Tongue",4,"Most commonly seen on the anterior 2/3 of the dorsal tongue",9
a903b7d8-8a85-4885-82d0-07fc4de86b87,"Light exposure on radiograph",1,"Radiograph appears dark",0
a918fe42-e11d-489f-9c8e-63736b865e1b,"Dens Invaginatus",2,"Invagination of crown or root lined by enamel",1
a9e9651c-5310-4b22-89c5-6c2a4c06cf69,Angioedema,4,"Diffuse edematous swelling of soft tissues also known as Quincke's Disease",1
ab5dfe38-fece-45ce-9755-5d38223e0f27,"Simple Bone Cyst",1,"Radiolucent lesion that shows scalloping between the roots of teeth",2
ab80a454-204e-4771-83f9-ccd0c9dfc578,Dilaceration,2,"Abnormal bend in the tooth root",4
ac058d7e-9aad-4669-ac33-eb040c47a3ad,"Keratocystic Odontogenic Tumor (Odontogenic Keratocyst)",5,"Lesion with high recurrence rate that typically demonstrates antero-posterior expansion",0
ac2979ed-ade2-4e65-b26b-46ec024fd1ae,Microdontia,2,"Small tooth",1
ac30e4f7-8f39-4649-ab0e-c9d83a17a9e2,Cementoblastoma,1,"The only true neoplasm of cementum",3
adfb8d7f-935f-499f-9efc-1da582e03424,"Buccal Bifurcation Cyst",3,,2
b256805f-3828-4bbc-842d-f6426dfa4460,Hematoma,4,"Lesion with elevated surface due to accumulation of blood",0
b753ab1d-e1c2-482e-aa56-ec2dd448d933,"Desquamative Gingivitis",4,"Nikolsky sign",4
b7891640-5653-48f2-8837-a268715df93a,"Stafne Defect",1,"Lingual salivary gland depression of the mandible",0
b7c23b47-8ee6-4bd6-b2e1-f0110f36cc16,"Odontogenic Myxoma",3,,1
b93ea9c1-9358-4ec9-bf65-60772138d543,"Lingual Thyroid",4,,1
ba568e1b-85b8-42f6-ab45-7baf7916eb73,"Factitious Ulcers ",4,"Self-inflicted ulcers",1
bacf28b0-396e-4c50-92bb-93e3629ef228,Fluorosis,2,"Enamel defects associated with too much fluoride ",8
bae3e4f9-9154-4eb1-890b-9691b650122f,"Inferior Alveolar Canal",1,"Radiographically extends to the mental foramen",0
bb171f83-630a-40ad-84d7-afbe061bd2c7,Oligodontia,2,"Lack of development of six or more teeth",1
be04ef11-9fc2-4cc5-b9be-283f7ea25779,Candidiasis,4,"Most common oral fungal infection",2
be3c5d01-a03d-4c58-8fb8-48701ca5fa89,"Physiologic Pigmentation",4,,1
c00449d7-f7ff-4e46-9456-d74ebdbd173f,"Static Electricity",1,"Divergent, branch-like or ""lightning"" pattern",0
c1e4898e-e545-4ec8-a5fa-2d125a101432,Osteoma,1,"Multiple of this radiopaque lesion seen in patients with Gardner syndrome ",5
c51adc3e-99b8-4182-bb46-ddc67eff33e3,"Smokeless Tobacco Keratosis ",4,"White, rippled lesion of vestibule",9
c5361824-d884-46b3-95ff-1b168290fad9,"Congenital Syphilis",5,,4
c9ac5fd9-f333-4689-822c-0308ab478e51,"Unilocular Radiolucency",3,"Lesion that is totally radiolucent with no septa noted",0
c9adf5bb-0e3f-45fc-a666-757241bd085b,"Well Defined Radiolucency",3,"Radiolucent lesion with a border that is easily distinguishable from surrounding bone and may be cor",0
cc3ec136-8827-442f-9aae-51cf0b95d93c,"Median Rhomboid Glossitis",4,,3
ce82b7a4-2a15-4b7c-8e30-e64cf478d5b1,"Central Giant Cell Granuloma",1,"Non-odontogenic lesion most commonly seen in the anterior mandible that may cross the midline",4
ceeed064-599a-48f8-869b-c42070bc4932,"Pyogenic Granuloma",4,"Most common of the four Ps",8
cf801759-fa2f-4f19-8482-25943490893b,Foreshortening,1,"Radiographic image is shorter than the object",0
d1018852-5bda-40f2-a766-107a9e4f2a60,Hypodontia,2,"Lack of development of one or more teeth",2
d1d54908-2a19-4235-9d68-1aadbe73f66f,"Eruption Cyst",3,"Soft tissue analogue of the dentigerous cyst. Develops as a result of the seperation of the dental f",2
d35667a5-b583-48a9-a2f2-454545402be0,Mesiodens,2,"Supernumerary tooth in maxillary incisor region",5
d3f7d225-1792-4b20-9baa-3f2b1c692b9b,Erythroplakia,4,"Red patch that cannot be clinically or pathologically diagnosed as any other condition",2
d4466285-0234-49c2-97eb-822415f317c8,"Adenomatoid Odontogenic Tumor",3,"Two-thirds tumor",1
d6049356-9ac2-4c50-b494-0d44a575ca07,"Cleiodocranial Dysplasia",2,,1
d98c11a3-85b1-4ed3-8047-0fcb72f1a498,"Antral Pseudocyst",1,"Dome-shaped radiopacity seen arising from floor of maxillary sinus ",1
da797bbc-274d-4013-8540-8fffc1829749,Hemangioma,4,"Most common tumor of infancy",0
da9d2ce3-3b1f-4fe2-b9aa-383a5a4ba1de,"Pink Tooth of Mummery",2,"Internal resorption affecting the coronal pulp ",1
db08f9a2-b1c2-42f4-9214-7ad080ad1a25,Abfraction,2,"Loss of tooth structure at the cervical neck",1
dddb64b8-e104-4aa7-88fb-de53b6544e25,Elongation,1,"Object appears longer on the film than its actual length",0
dfaaa751-378f-49ed-9a46-d9a7a1dde9f9,Abscess,4,"Accumulation of acute inflammatory cells associated with a nonvital tooth",7
dfc3697d-17cf-4448-84f8-eae86780c2b3,"Recurrent Herpes",4,"Recurrent ulcerations seen on lip or keratinized oral mucosa (attached gingiva and hard palate).",3
e30b5ab4-50ef-4e5e-98b7-58594d10e13e,"Lichenoid Mucositis",4,"Allergic reaction mimicing lesions of lichen planus",1
e9d1ed7f-284a-4f17-b010-7020aba5dcc2,"Tori (Exostoses)",1,"Hyperostoses found on the palate and/or lingual aspect of the mandibular alveolar process",0
ee6dfe8e-67df-4fc4-a9a0-9cd6b77d2808,Cherubism,1,"Involvement of the maxilla causes the eyes to turn upward",2
efd075e5-8aa2-45e8-91f4-5e30ccac671b,Leukoedema,4,"Milky white appearance nearly disappears when mucosa stretched",1
f2aa08d9-caca-4a17-b2b4-209c6c4e82b7,"Pindborg Tumor",3,,1
f4854666-3e8a-4f12-b05b-46d0a68eebde,"Minocycline Staining",2,"Internal staining which cannot be removed by prophylaxis due to minocycline",1
f783d476-44a0-4a2a-b322-7ab9f2ac634a,"Angular Cheilitis",4,"Bilateral lesions present at the corners of the mouth often associated with decreased vertical dimen",2
f8066c6b-d11e-4d87-bee0-db9cdcbc934c,"Bisphosphonate-associated Osteonecrosi",1,"More common with IV bisphosphonates",0
f967ce38-bed2-497c-b9b0-a4f4af245d54,"Condensing Osteitis",1,"Active or chronic osteitis apical to a necrotic tooth",3
fb41bf1e-4af4-4a58-bbac-d4fa8d88a4e2,"Periapical Cemento-osseous Dysplasia",1,"Benign fibro-osseous process involving the apices of vital mandibular anterior teeth",5
fcff8aa0-3924-428c-bde7-b4defd735477,"Proliferative Verrucous Leukoplaki",4,,0
fda15248-3283-44c1-8c3e-529331f825c3,Ameloblastoma,3,,1
ff2ec32d-049d-4de4-acb8-ff5642c3e761,Lipoma,4,"Floats when placed in formalin",0
