fk_questionID,fk_imageID
f967ce38-bed2-497c-b9b0-a4f4af245d54,00f34ecc-5097-4e5c-af37-c289951da238
8cc2e778-1bef-46a4-b451-812516401eb0,010a67e8-9b68-4df5-8486-ba505e4561a1
38b0b90c-3e62-4c63-861c-b1ad7742d202,01a3eac5-733e-4de8-b9d1-8c3902433c0e
181328d7-d0db-4169-8aa2-3bb5cbca7a1f,01e044b3-4399-4f50-b295-42b0a1d2bc41
6425db68-d788-4e6a-9f1c-a83257b81121,0251ad04-c58c-48b7-9c10-da0fec380820
d4466285-0234-49c2-97eb-822415f317c8,028e3676-810c-4359-8b64-c030bc3be30d
1ac04ed7-fb5e-48a7-96b8-4643507b0fd3,02e9176f-a878-42ab-a85d-23ae1b1d8780
c9ac5fd9-f333-4689-822c-0308ab478e51,03006f77-cb88-4494-b753-a17744715642
48c64eed-bbb3-48f0-8420-d22c8561b1f3,03371abb-6cdc-4d4b-bd61-7fc5a5260c28
8cc2e778-1bef-46a4-b451-812516401eb0,03d88ce8-e5dd-48be-905b-c3859fb33f54
6ce2ca9c-da83-4307-8c4d-062d1307a1b5,040c893a-7bed-4ada-9a0c-319ee7b8aebf
c51adc3e-99b8-4182-bb46-ddc67eff33e3,04259b6e-ba73-4954-a506-a0dfde282ba6
503941ec-b770-4e49-acc6-d92a4b9a75d0,04a38154-c663-4ca7-8a74-2a0f98eed640
bacf28b0-396e-4c50-92bb-93e3629ef228,04b7e0e5-6bf9-417e-ab70-4b963872cc50
42d2cdc9-7cec-4d26-a4f0-cd39f03aca67,04ea56ec-eccc-4b65-be3f-f967c4fcac33
8b21cdf7-89e0-4c4b-8f84-3b4adb5a5d1d,0514327b-c201-4329-8909-7cad3b2a74fd
304cb8d5-4108-4cd6-882f-a157fde93bb0,05373e36-36d2-4cae-8e3e-554912047b3f
d35667a5-b583-48a9-a2f2-454545402be0,05d05338-5e83-4263-a1fc-72b0a7335dbc
407333eb-f6b6-446b-99b8-e325d3232cc9,0aab41ba-fe82-4c5c-a876-6e0f7a606abc
ce82b7a4-2a15-4b7c-8e30-e64cf478d5b1,0b49306f-ea68-4d2c-8e15-714772233179
a30efb63-2d73-40cd-bc85-0cd7129a1d0a,0ba5c7c1-5657-4445-acb8-5730ba87fb20
ab80a454-204e-4771-83f9-ccd0c9dfc578,0bb574c7-7f0e-4f11-b929-84ec78f1f4ab
146718d2-7766-461d-81a2-eb575b8cabd1,0cfed35b-0c1c-4c3b-bd0e-f871d67ebc72
a4c3ed23-c2b0-4e96-82fc-0f5e03a4b103,0d34b105-b70e-4931-9422-2adbb08c8b55
26196435-ea9a-4996-9330-150e9bc33c5a,0d356603-d1c4-4dda-9d54-3d5f5d1accab
89a0a767-8669-4420-97f4-7d5de23be038,0d7ff6af-e15c-4f2a-8050-dcd326e2f6fc
5fe3a20f-4dc3-486c-9958-319fba5357e2,0dca93ef-4305-4366-a917-e48e33f956c8
98b08409-88a9-4747-b31c-973302230c38,0df4d2fe-5d29-4228-ac25-208d848e1a22
304cb8d5-4108-4cd6-882f-a157fde93bb0,0e34375b-38d4-4d76-8d72-0fbd7ad88922
11202bc5-21a5-490d-bec1-91ff80857aa1,0eca5f4e-0fba-44bb-b9fd-cffcf2c53907
63ac0bb7-f7fa-4ee2-86e7-1858d67778c8,0f694419-40bf-4bf7-9ca8-38c3492b571a
fcff8aa0-3924-428c-bde7-b4defd735477,0f694419-40bf-4bf7-9ca8-38c3492b571a
6abe5f71-0fcf-416e-b0f4-d708ab9ead18,0f849df8-206b-4e54-b26c-f8ce3f3e6ce9
ba568e1b-85b8-42f6-ab45-7baf7916eb73,10592c82-0acd-4565-93c8-e1017c294861
f967ce38-bed2-497c-b9b0-a4f4af245d54,127a05ab-baaf-4bfe-8ad1-4bc23a282972
503941ec-b770-4e49-acc6-d92a4b9a75d0,12eeed62-efb2-4c18-99eb-29e8b7551973
c9ac5fd9-f333-4689-822c-0308ab478e51,12f7a05d-821d-466c-9ca0-61151e73fff7
37d3aff9-b6a0-414f-9537-299efdc7c143,13b2bb99-0780-472b-a5f5-e0e119b28073
866e36f0-6e92-499c-88e5-cb411cfd70b8,167d19db-1d96-49a0-a240-afd05e0cd6bd
68c9c6ee-283f-435c-a2fd-426483d12cb9,1703bcb4-6864-4d06-aced-83f8666c954b
28656c13-7cc2-48fd-bd2b-c933667aef56,186a634f-c038-47e1-b3b2-c17960bb16ee
f967ce38-bed2-497c-b9b0-a4f4af245d54,18f071b3-6859-4fa2-84e5-2f801d388d80
3cb69866-abf0-4b75-ad00-6efcf3d8a17d,19d6693f-aeb4-45d0-9673-41fa5b2f8c9d
c5361824-d884-46b3-95ff-1b168290fad9,19d6693f-aeb4-45d0-9673-41fa5b2f8c9d
fb41bf1e-4af4-4a58-bbac-d4fa8d88a4e2,1adb08a4-4775-4547-a6b7-5ee2fb792e23
2e0f0d79-a95b-4966-9eb8-38f6d9315580,1b50ec2a-429c-4f19-b9d5-8ebd0cd3e20f
469c4e89-a9a4-42d1-b341-d5c833efacad,1b8a32ed-38e0-4ccb-a504-3d50a85d7687
be3c5d01-a03d-4c58-8fb8-48701ca5fa89,1b8b0098-bfa1-40c2-bed2-80c673498c25
b753ab1d-e1c2-482e-aa56-ec2dd448d933,1ca9bcb3-3f85-4c84-bee7-d86ef918efcb
25afd8c6-c4a0-450d-8bbd-d29501a7d91a,1f4ea528-c8d5-4025-bff2-d06bffc13fc7
26196435-ea9a-4996-9330-150e9bc33c5a,1f8e514c-7ce2-4eb4-916a-8a4a1a33e1b4
b256805f-3828-4bbc-842d-f6426dfa4460,212a9d79-8c5a-4866-bc07-1d6f14352e60
c9adf5bb-0e3f-45fc-a666-757241bd085b,2248a135-990d-44b9-a048-503bd503cea9
f783d476-44a0-4a2a-b322-7ab9f2ac634a,225a1dce-e546-4fc3-ac5e-0ed87081c786
06f8c025-8e5a-4159-9e93-51f1bf4c4086,23a38844-c85c-4d9c-89d0-5df88db6ce14
06f8c025-8e5a-4159-9e93-51f1bf4c4086,240c15d5-aa6f-499c-9cb4-dc216654a821
959efd2f-c1e9-45a2-894f-5a5f2eefd71d,24a56a7e-788b-454b-b40c-360c30b5b49b
d1018852-5bda-40f2-a766-107a9e4f2a60,25660c99-16e2-40ae-8bf8-698f817a721d
c9ac5fd9-f333-4689-822c-0308ab478e51,259b30b1-26c9-4c91-8bc1-1118f7066134
f2aa08d9-caca-4a17-b2b4-209c6c4e82b7,25f42d19-dd03-496b-8540-93c5a470fb86
59e4fe91-ecf4-4d5e-926e-e55e44834175,269a6b2d-e52d-49a8-b8f3-bc6c74c0bb84
7597cec3-c0f5-4e0c-b9c3-bf84a0c22da0,26d80c23-a545-4126-b4bd-a5d59476be75
c51adc3e-99b8-4182-bb46-ddc67eff33e3,27591758-e833-42b3-a3fe-67238479fba9
a3253994-db6c-4fc2-9b13-6871dea61baa,27f4d6fc-7bac-4108-a219-a7cf0fc40285
98b08409-88a9-4747-b31c-973302230c38,28053612-1e6c-4b0c-b459-407f05ffb2ab
c5361824-d884-46b3-95ff-1b168290fad9,28074f30-94d2-430d-a294-6f902f5fca4c
56d97a2a-0a10-4418-a9c1-d27fe3df2e1a,2840b28f-c9b6-47c4-a852-0d3ed92f0705
6425db68-d788-4e6a-9f1c-a83257b81121,2862dc70-9d3b-4c2d-abdd-baa3ddefbc16
3a0286d2-8340-4df5-a6da-7cd7c846ac7e,2883b030-ba7d-4ec4-8bab-fda3846af882
59e4fe91-ecf4-4d5e-926e-e55e44834175,29b1e4ab-4e36-4ee2-ab70-0cb384f2d29c
9e7c2af1-8528-40c6-91f2-4a9f26b18d0d,29b1e4ab-4e36-4ee2-ab70-0cb384f2d29c
b753ab1d-e1c2-482e-aa56-ec2dd448d933,29b1e4ab-4e36-4ee2-ab70-0cb384f2d29c
503941ec-b770-4e49-acc6-d92a4b9a75d0,29c1c2f6-b667-4661-a41b-b53438ef1fa3
c9ac5fd9-f333-4689-822c-0308ab478e51,29c9743d-4fa1-4b4a-b090-32995143d974
ff2ec32d-049d-4de4-acb8-ff5642c3e761,2a070960-3f13-4d5a-b22f-5875e328f80d
7b145cab-7e9e-4acb-8b97-ee0a774ceef5,2b34d983-ffdc-4539-ab41-a1e00e3c533a
fda15248-3283-44c1-8c3e-529331f825c3,2bdfc031-d946-4277-a62b-79752ae30df0
d1018852-5bda-40f2-a766-107a9e4f2a60,2be21a6d-e28c-4b12-8d74-224fa6ef8008
3f4589f1-a944-4935-81d3-cc32b153a1f2,2d569e51-1608-44bb-9f40-f83eef7f14bb
ab5dfe38-fece-45ce-9755-5d38223e0f27,2f43d0a2-4f17-4fd9-aaed-fcd2a070f820
6ce2ca9c-da83-4307-8c4d-062d1307a1b5,303048e5-21df-466d-be0e-81fc8612e0ef
5fe3a20f-4dc3-486c-9958-319fba5357e2,3056938a-5792-40ae-98ef-ceb1835c42f0
dddb64b8-e104-4aa7-88fb-de53b6544e25,31480d22-f741-41e2-82fb-6f1bb3a7eb84
5903b04f-5f18-4408-9f49-b98cb797507e,3240feb7-1b62-49db-a966-8b144f7f76cc
63ac0bb7-f7fa-4ee2-86e7-1858d67778c8,3240feb7-1b62-49db-a966-8b144f7f76cc
68dc11b3-6a3c-4305-bdb1-b219f7441abb,32af8a92-3599-4621-9837-f8f9b9500f4b
be3c5d01-a03d-4c58-8fb8-48701ca5fa89,32b5602b-8b2e-41b0-ac9b-20ae987db77c
d35667a5-b583-48a9-a2f2-454545402be0,33754d89-fd45-450a-b789-b6154fec7f3f
878dc10a-167c-4733-8239-c239f0e1fbaa,339cf4c7-2558-4698-94fd-b64b7ddf0b6a
63ac0bb7-f7fa-4ee2-86e7-1858d67778c8,3400ebf5-e825-41ac-9531-452bb004b00b
146718d2-7766-461d-81a2-eb575b8cabd1,341b8b89-2859-4737-bf20-d4991e1fed37
8cc2e778-1bef-46a4-b451-812516401eb0,34f81fe3-fd14-40de-bdd0-c31a5b7caf09
bacf28b0-396e-4c50-92bb-93e3629ef228,3768d521-ec80-41f1-a2a1-eb173df02f28
f8066c6b-d11e-4d87-bee0-db9cdcbc934c,38512652-d849-4dde-8e01-17d74b92205b
59e4fe91-ecf4-4d5e-926e-e55e44834175,38a907f3-5d6d-43c1-904d-8889e860c292
9e7c2af1-8528-40c6-91f2-4a9f26b18d0d,38a907f3-5d6d-43c1-904d-8889e860c292
0ebc260a-e8f5-4a66-8265-f7f063d1587e,391adbd2-646a-4c33-95b1-8a64d68d6c36
b7891640-5653-48f2-8837-a268715df93a,394fc798-ea5e-4d72-b643-eaba6ece4e25
c9adf5bb-0e3f-45fc-a666-757241bd085b,39cdb2fe-6de4-4b8d-98b8-9c72997a249d
26196435-ea9a-4996-9330-150e9bc33c5a,39ec41ef-f905-4056-a425-681564b45740
68dc11b3-6a3c-4305-bdb1-b219f7441abb,39fe87d5-c4ee-403e-ba78-7e0a5b768e53
304cb8d5-4108-4cd6-882f-a157fde93bb0,3b444c72-7f6a-4625-86c4-77d6a0772566
c51adc3e-99b8-4182-bb46-ddc67eff33e3,3b72644c-94cd-43c0-8595-e08ef628e41b
5903b04f-5f18-4408-9f49-b98cb797507e,3b81adda-d889-409f-99e8-ea1e940fea32
63ac0bb7-f7fa-4ee2-86e7-1858d67778c8,3b81adda-d889-409f-99e8-ea1e940fea32
0ebc260a-e8f5-4a66-8265-f7f063d1587e,3c43119a-2160-42dd-bd69-3a00e07cf013
503941ec-b770-4e49-acc6-d92a4b9a75d0,3c713581-9a22-4b29-8d76-d17ef1ef3c30
6b5fe799-14b3-45e3-84c2-b8002829a497,3c884406-7269-4f3d-ac07-2ba74dbeece2
7597cec3-c0f5-4e0c-b9c3-bf84a0c22da0,3ca1f72f-fbf5-45bd-b5e7-07b57e9d067c
26196435-ea9a-4996-9330-150e9bc33c5a,3d27e97b-f765-4bb0-a510-27a422b22bda
544bd218-ce04-4d55-b352-d959a0699671,3e0d2f3f-aa7d-4976-80dd-3a7aced2b94a
06f8c025-8e5a-4159-9e93-51f1bf4c4086,3ea39de7-4e60-4e0c-8220-1a992cbdc67f
407333eb-f6b6-446b-99b8-e325d3232cc9,3f18b9bf-95fe-4f30-85e4-a065f689d8cf
cc3ec136-8827-442f-9aae-51cf0b95d93c,3f93bdac-b971-4cb6-bc7c-2b1306274d7c
26196435-ea9a-4996-9330-150e9bc33c5a,4154b1b8-4604-4b65-a0fc-b304f75992e9
b93ea9c1-9358-4ec9-bf65-60772138d543,4213b344-85a7-45ba-a117-8d48d427aa65
525ddf91-e5b5-462c-9a87-a72b39e36b52,442f604e-9b7d-4e2d-b319-fa57ec07c5dd
bb171f83-630a-40ad-84d7-afbe061bd2c7,44728724-8a2a-487d-a8be-420e6d0c0ce0
8a15104b-4f25-4b90-9cc3-ea0e02393fe1,4483c2e3-70a5-49fe-a7c6-85bfb2695e2f
6b5fe799-14b3-45e3-84c2-b8002829a497,4494971c-b2d0-497b-9af6-415a8d210b99
1fafaa57-0253-45da-a027-976095bd1cbd,44994c3d-41b1-4bf8-bc44-c52698f01a49
b7891640-5653-48f2-8837-a268715df93a,44eb0534-1bb3-4b9e-acc4-f40e583dab58
68dc11b3-6a3c-4305-bdb1-b219f7441abb,46ceeb47-edc0-4bad-8b2a-2f0bdc5bdd1f
304cb8d5-4108-4cd6-882f-a157fde93bb0,49098671-c8c0-4a7e-bec4-f4ae4d9203b0
c51adc3e-99b8-4182-bb46-ddc67eff33e3,49df9f09-389c-45d5-a9e8-2af21a8a9b12
98b08409-88a9-4747-b31c-973302230c38,4a1447f4-e267-4012-8440-88e173684b1b
f2aa08d9-caca-4a17-b2b4-209c6c4e82b7,4a1447f4-e267-4012-8440-88e173684b1b
8cc2e778-1bef-46a4-b451-812516401eb0,4a4e7179-ae27-48ab-965d-1fba82bd6f0d
d3f7d225-1792-4b20-9baa-3f2b1c692b9b,4a4e7179-ae27-48ab-965d-1fba82bd6f0d
3ace4f69-2953-418d-a8a7-d95940fb71ca,4ac4da23-20b6-46e6-85ee-27294ff7cc9f
a30efb63-2d73-40cd-bc85-0cd7129a1d0a,4bc89445-a4c1-409a-9d1a-ac72c86d74bb
7597cec3-c0f5-4e0c-b9c3-bf84a0c22da0,4bf49562-cf58-4ee9-b711-e4656b80ddc0
c5361824-d884-46b3-95ff-1b168290fad9,4d05a8ae-a0fa-4f76-a34b-8b1fae686a4f
304cb8d5-4108-4cd6-882f-a157fde93bb0,4d22766b-e74c-4109-91a8-269494229bfa
26196435-ea9a-4996-9330-150e9bc33c5a,4d5e91d9-fad1-4e25-8561-57bdeafa3711
440747e8-1f40-4614-969c-f7ece2be8b0a,4da6ca23-3b12-4f53-b346-206fe834be21
0a63277f-ffd3-42d6-863d-1775aa1125ee,4e1eb304-8f50-4ad9-8e8f-57b0c7ed8bea
181328d7-d0db-4169-8aa2-3bb5cbca7a1f,4e7d8ecc-abeb-4666-968d-6e250c436a9b
7597cec3-c0f5-4e0c-b9c3-bf84a0c22da0,4fbf0b83-fdd1-4cf4-91be-70a5a5e40959
a3253994-db6c-4fc2-9b13-6871dea61baa,5099a6eb-0e55-4f4d-9e14-a51f27469714
5903b04f-5f18-4408-9f49-b98cb797507e,5139f610-ed2b-4368-a3c2-3ad16d8babed
63ac0bb7-f7fa-4ee2-86e7-1858d67778c8,5139f610-ed2b-4368-a3c2-3ad16d8babed
469c4e89-a9a4-42d1-b341-d5c833efacad,520eb3e0-2792-41c8-b075-b0454eba24fe
440747e8-1f40-4614-969c-f7ece2be8b0a,528e8476-20fe-4d60-bea9-e49ab08e9fec
146718d2-7766-461d-81a2-eb575b8cabd1,5293d681-aac7-46df-8e29-c332b4c3fcde
c51adc3e-99b8-4182-bb46-ddc67eff33e3,52cd1d69-4e11-4768-bed8-72abc4ae64da
d3f7d225-1792-4b20-9baa-3f2b1c692b9b,5336f198-e48f-4219-82e7-98013c6f42b6
4e7f2c8c-846b-4d22-b4cb-f9b61a9056f2,544e3b2f-6349-4c3a-afc3-0bc029bda45a
06f8c025-8e5a-4159-9e93-51f1bf4c4086,54b2a951-dca7-4fae-9848-084455a6cc83
29a8658e-483c-4455-a204-b8b0a1657754,5559e928-5804-4155-8aac-c00271d099e4
ce82b7a4-2a15-4b7c-8e30-e64cf478d5b1,563e5fd3-9263-4716-9cc0-68bbf2e4450e
be04ef11-9fc2-4cc5-b9be-283f7ea25779,57112171-e4b2-46f8-8ba4-357d36a63bd5
59e4fe91-ecf4-4d5e-926e-e55e44834175,57521253-530b-4eb7-b060-9fcc1e22b75b
ce82b7a4-2a15-4b7c-8e30-e64cf478d5b1,57a225a0-16a0-43e2-a43a-6a7c37404a2a
26196435-ea9a-4996-9330-150e9bc33c5a,58b9aa7c-ecfa-446e-bd5d-fa0e39681a3a
407333eb-f6b6-446b-99b8-e325d3232cc9,5904f12c-691e-4e98-ba68-76dbf7beda13
06f8c025-8e5a-4159-9e93-51f1bf4c4086,5952891f-6215-4cbf-80d7-bf5fabc5e1e2
48c64eed-bbb3-48f0-8420-d22c8561b1f3,5a975842-fb54-4972-845f-8663f9a3063f
be04ef11-9fc2-4cc5-b9be-283f7ea25779,5b1b2526-42b9-477b-91b5-9a3e2719488b
6ce2ca9c-da83-4307-8c4d-062d1307a1b5,5b695104-64ce-4f8d-b550-511844a2e1bf
ceeed064-599a-48f8-869b-c42070bc4932,5cb31b07-bcf8-4dec-9515-46bbc1d97ba8
ce82b7a4-2a15-4b7c-8e30-e64cf478d5b1,5cf00438-f1e8-4f37-b669-bb591138ef04
866e36f0-6e92-499c-88e5-cb411cfd70b8,5e017b81-eb09-4856-9f34-8d5813ce9896
5794e459-9be0-4d64-a4a1-a0e4f9268f9d,5e989ef2-280a-42e3-add3-5baccc0034f4
304cb8d5-4108-4cd6-882f-a157fde93bb0,5eec28fa-c038-4b5e-96e7-e2501c733943
503941ec-b770-4e49-acc6-d92a4b9a75d0,5fc81f73-9123-4275-9e98-a99f07554b8b
26196435-ea9a-4996-9330-150e9bc33c5a,5fd7a3e0-9f01-4986-9b92-f84388c58ebc
c51adc3e-99b8-4182-bb46-ddc67eff33e3,613fe8f7-1aa9-4f1e-b66f-7555d99f3ff5
f783d476-44a0-4a2a-b322-7ab9f2ac634a,61682321-7bf3-48ed-97e0-61d9b7e1332d
7597cec3-c0f5-4e0c-b9c3-bf84a0c22da0,622d82e3-9243-467c-b1c2-b9c7c801c086
440747e8-1f40-4614-969c-f7ece2be8b0a,62487c83-0dd9-41f9-b802-8a2a668a918a
26196435-ea9a-4996-9330-150e9bc33c5a,62ad495f-34ae-4fe9-a2a4-779b73cba329
42d2cdc9-7cec-4d26-a4f0-cd39f03aca67,644ac20d-b5d6-4673-902c-1e6d677c9c38
59e4fe91-ecf4-4d5e-926e-e55e44834175,66527c37-df30-4b14-b2a0-05c31666e5b3
c51adc3e-99b8-4182-bb46-ddc67eff33e3,6714e978-083b-4ab7-a3d4-36b368b5f026
68c9c6ee-283f-435c-a2fd-426483d12cb9,673c14f6-79ce-4b18-b14d-83a0f795d209
5fe3a20f-4dc3-486c-9958-319fba5357e2,67d7c9c0-fb9d-45e9-830a-378b0053b0c3
be3c5d01-a03d-4c58-8fb8-48701ca5fa89,6901ae51-a3e3-4fa4-a918-3d00bac2992f
503941ec-b770-4e49-acc6-d92a4b9a75d0,6968ed3e-5d23-4d60-8fb9-294b123978cd
59e4fe91-ecf4-4d5e-926e-e55e44834175,6a1de3a2-7dcd-47b7-8272-7ad398a1c67e
9e7c2af1-8528-40c6-91f2-4a9f26b18d0d,6a1de3a2-7dcd-47b7-8272-7ad398a1c67e
26196435-ea9a-4996-9330-150e9bc33c5a,6a6bda3c-1bd6-411c-9c01-e0b92fae95d0
28656c13-7cc2-48fd-bd2b-c933667aef56,6b52cc7b-ca71-49ec-86b9-929dabe28fc8
63ac0bb7-f7fa-4ee2-86e7-1858d67778c8,6cb054c0-f6b8-46f7-a22d-a9d492fbf2d0
68c9c6ee-283f-435c-a2fd-426483d12cb9,6cd61053-f520-4abf-97c9-990f6752806b
8a15104b-4f25-4b90-9cc3-ea0e02393fe1,6cff03fa-bad2-4b83-a8da-8bdd0ca8cb5e
26196435-ea9a-4996-9330-150e9bc33c5a,6d10554c-5956-4145-9e86-999d6c8835c1
77ca0504-bec2-4e07-949c-eb859c15f475,6d10554c-5956-4145-9e86-999d6c8835c1
dfaaa751-378f-49ed-9a46-d9a7a1dde9f9,6d363922-7674-4e43-987b-4662d30d02ee
28656c13-7cc2-48fd-bd2b-c933667aef56,6d9b5a28-b270-4928-a147-298dfe499a66
60846b32-df08-4e31-b869-781b72eb9de6,6db74d48-a859-4edc-8f4b-97f47cfcfc2e
59e4fe91-ecf4-4d5e-926e-e55e44834175,6e3bee75-256d-44bf-b40c-9f6ba6b3df27
9e7c2af1-8528-40c6-91f2-4a9f26b18d0d,6e3bee75-256d-44bf-b40c-9f6ba6b3df27
48c64eed-bbb3-48f0-8420-d22c8561b1f3,6ee6b1ed-7fb2-4a2b-9a5e-054bd1dd89f4
59e4fe91-ecf4-4d5e-926e-e55e44834175,6f2e2a52-ca10-4f01-b0e8-c6b8ac905a7b
9e7c2af1-8528-40c6-91f2-4a9f26b18d0d,6f2e2a52-ca10-4f01-b0e8-c6b8ac905a7b
a3253994-db6c-4fc2-9b13-6871dea61baa,6f377989-1b2b-4ac5-aac8-d50c3459e7d0
d35667a5-b583-48a9-a2f2-454545402be0,6f96638e-9d87-478d-8960-17df24401401
0cdf5bba-e0fa-4f25-aba2-75e416735b61,6fb7d74f-e443-43bd-a142-815a0876d400
c51adc3e-99b8-4182-bb46-ddc67eff33e3,70ca4479-ef40-4491-a890-0b8f7b894f69
1fafaa57-0253-45da-a027-976095bd1cbd,7111b467-7d3d-45a9-8398-0b46ea724165
63ac0bb7-f7fa-4ee2-86e7-1858d67778c8,72d3d4bd-b54d-4e0a-b8d1-32456347fac1
89a0a767-8669-4420-97f4-7d5de23be038,732ee591-0a61-4bb9-8ece-4458863cd7e0
487822fa-d294-42a8-8b85-132a8dc02e63,733b9565-b98b-47bd-b68b-6a648d338625
401a6dbe-f3a3-4807-884c-6dc414e74f19,73d07f42-36c5-4b98-8d8e-b5da6e73d487
6ce2ca9c-da83-4307-8c4d-062d1307a1b5,73d07f42-36c5-4b98-8d8e-b5da6e73d487
338134f3-919d-4823-93d2-7d046c904790,746091e1-e918-4c1d-9f27-a446a78a41a1
e30b5ab4-50ef-4e5e-98b7-58594d10e13e,746a82cc-ee8d-4a7b-9f56-5bec29cf1111
8cc2e778-1bef-46a4-b451-812516401eb0,75b3c63f-47b8-4cbd-9721-a0e08e6ff1df
304cb8d5-4108-4cd6-882f-a157fde93bb0,75b6f27c-6f25-448f-855a-5ce74c90cb59
3d4259ae-80ae-43e0-ba4f-12d5dedc8e98,77622dd5-3961-46be-a542-b20ecab64ec5
a4c3ed23-c2b0-4e96-82fc-0f5e03a4b103,776bf343-4f41-42c0-8764-f153629f6223
80bdc7bb-47ba-4e2d-9bd7-ded7266306a3,7931dc21-97cd-49ec-954b-c0f4d132fb2a
a30efb63-2d73-40cd-bc85-0cd7129a1d0a,793d4ae6-33e5-45b9-87a9-7464e90d0d9c
c9ac5fd9-f333-4689-822c-0308ab478e51,79c6d65e-d779-4d07-b2d3-5114782ccdef
7597cec3-c0f5-4e0c-b9c3-bf84a0c22da0,7a76d687-3e5b-41cd-b31c-1b0c7ffedb37
59fc84ec-e9ca-4f32-b3f9-f52050b4f784,7ad34ad0-8143-4384-9497-3fabcade211a
37d3aff9-b6a0-414f-9537-299efdc7c143,7bcc9221-794d-40e0-bb96-b028de580756
fda15248-3283-44c1-8c3e-529331f825c3,7c105ba8-cffe-43c1-8c73-70bca0e03810
440747e8-1f40-4614-969c-f7ece2be8b0a,7c665e03-b343-4d07-85fe-cad762733874
a4c3ed23-c2b0-4e96-82fc-0f5e03a4b103,7cac1a1d-3034-4ebc-839f-171e454cdab3
c00449d7-f7ff-4e46-9456-d74ebdbd173f,7ef46d2f-96a4-4759-88fc-db623586e80f
81b72d29-fd4c-4ee6-b3e3-51a974ecdf93,7f0ec9f1-f943-4e5a-9219-c1c7149258a2
da797bbc-274d-4013-8540-8fffc1829749,7f75b9e2-5f35-4f4e-8f0d-fed54ebcec9e
7597cec3-c0f5-4e0c-b9c3-bf84a0c22da0,7fc006fc-3676-4abe-9ae7-e9319efb4ddf
146718d2-7766-461d-81a2-eb575b8cabd1,812455ee-2333-4c15-87cc-4e185ea269d0
bacf28b0-396e-4c50-92bb-93e3629ef228,81467870-29d5-4e7e-8d36-122fc6af3fbf
7b4b6560-86f4-4b45-8fd4-0158eba8dba7,81572fcf-61ef-45e9-a959-faa7200c3818
c51adc3e-99b8-4182-bb46-ddc67eff33e3,81601970-fa5f-4333-aba3-a5288cdc98d7
be3c5d01-a03d-4c58-8fb8-48701ca5fa89,81a89f11-1149-4a97-b2a2-0285259c99d8
ce82b7a4-2a15-4b7c-8e30-e64cf478d5b1,82184e1c-536c-4c7e-a6f9-be7eb272e703
401a6dbe-f3a3-4807-884c-6dc414e74f19,82244c9a-1938-45e2-9812-353e21fc5ebc
6ce2ca9c-da83-4307-8c4d-062d1307a1b5,82244c9a-1938-45e2-9812-353e21fc5ebc
c9adf5bb-0e3f-45fc-a666-757241bd085b,82fabd1c-35b6-4863-8939-c0b8e2644db7
ceeed064-599a-48f8-869b-c42070bc4932,83a33fef-f166-4b4a-bd81-89e9e920b603
ff2ec32d-049d-4de4-acb8-ff5642c3e761,8456ed33-9622-4ed1-b8d3-d50d82ae40f4
ab80a454-204e-4771-83f9-ccd0c9dfc578,84d09999-0cf0-42f3-b5d6-c3ac7d5ccf1e
63ac0bb7-f7fa-4ee2-86e7-1858d67778c8,864b2d40-af9c-4440-8107-a44064f0dfe8
440747e8-1f40-4614-969c-f7ece2be8b0a,86c77cfe-4f75-4663-b6d5-2fff78259c89
cc3ec136-8827-442f-9aae-51cf0b95d93c,86dcef26-73a2-4b0e-8a73-19fc22e6c3bf
6ce2ca9c-da83-4307-8c4d-062d1307a1b5,86fe86a1-cc91-4e20-9392-b75c9ebf0fe7
7597cec3-c0f5-4e0c-b9c3-bf84a0c22da0,8797b7b4-bb54-4af8-bb19-9e1def48e4bd
3f4589f1-a944-4935-81d3-cc32b153a1f2,87a5ba46-55b2-431f-a95e-89030ad51138
11202bc5-21a5-490d-bec1-91ff80857aa1,886e1931-d96c-4857-a2e7-cb12cc8ed5a7
f967ce38-bed2-497c-b9b0-a4f4af245d54,88f18797-2a8f-4cbe-82b7-d03aef06e67a
37d3aff9-b6a0-414f-9537-299efdc7c143,89007d00-0df1-4127-9029-331120a6bb1d
304cb8d5-4108-4cd6-882f-a157fde93bb0,8902b130-6803-4df1-a38c-c1f48f9f047d
7597cec3-c0f5-4e0c-b9c3-bf84a0c22da0,892781d5-33c9-4386-acc8-e2847cba9886
ce82b7a4-2a15-4b7c-8e30-e64cf478d5b1,8931d8cb-a125-42f3-a1eb-61213d158d33
7cad3067-4717-4c5f-a642-efffc3de1b85,896d49c2-08dd-4f9c-861a-44c8073ba1f1
ac30e4f7-8f39-4649-ab0e-c9d83a17a9e2,89d1bdc7-13ce-408d-843c-a0b49e6f5743
401a6dbe-f3a3-4807-884c-6dc414e74f19,8c35cc8f-ccc1-4fe7-9ee5-e4a74bb04c49
6ce2ca9c-da83-4307-8c4d-062d1307a1b5,8c35cc8f-ccc1-4fe7-9ee5-e4a74bb04c49
63ac0bb7-f7fa-4ee2-86e7-1858d67778c8,8caa0271-9e98-4f33-910b-98609e7d72df
be04ef11-9fc2-4cc5-b9be-283f7ea25779,8d376966-8930-4945-b665-3728383e17c0
503941ec-b770-4e49-acc6-d92a4b9a75d0,8d42f831-3537-4a76-b575-ed2ef5b99f14
56d97a2a-0a10-4418-a9c1-d27fe3df2e1a,8e50bd43-95e8-4777-85b2-ca59a5e3b488
59e4fe91-ecf4-4d5e-926e-e55e44834175,8fa64b70-8b4c-4e38-891e-84ce36f13d90
9e7c2af1-8528-40c6-91f2-4a9f26b18d0d,8fa64b70-8b4c-4e38-891e-84ce36f13d90
48c64eed-bbb3-48f0-8420-d22c8561b1f3,8fb8f435-bada-43b0-853f-0e7feb560b25
bacf28b0-396e-4c50-92bb-93e3629ef228,91096754-9527-446f-a2b6-e15e12c5db9f
1fafaa57-0253-45da-a027-976095bd1cbd,9119630a-5aee-44b9-9399-f54d2bc15811
da797bbc-274d-4013-8540-8fffc1829749,914b3ce9-6493-4262-8800-67de3b735ba3
59e4fe91-ecf4-4d5e-926e-e55e44834175,9317726e-4cd4-4f7d-b742-c2c15ccf1d1c
b7c23b47-8ee6-4bd6-b2e1-f0110f36cc16,9339cb51-bc6c-461b-9052-c17efe080b48
26196435-ea9a-4996-9330-150e9bc33c5a,939075d6-753c-4bab-9183-7168246f41bd
48c64eed-bbb3-48f0-8420-d22c8561b1f3,93e8cd78-a3a6-4514-a428-d3a736bce5d2
5903b04f-5f18-4408-9f49-b98cb797507e,9481f9b7-ab93-4a73-b157-862290994f1a
63ac0bb7-f7fa-4ee2-86e7-1858d67778c8,9481f9b7-ab93-4a73-b157-862290994f1a
98b08409-88a9-4747-b31c-973302230c38,951a8283-5bf2-40dd-b0c8-4fe642aeb05e
48c64eed-bbb3-48f0-8420-d22c8561b1f3,958cf722-bfef-420c-8eb4-68fb0b7f5313
878dc10a-167c-4733-8239-c239f0e1fbaa,95c49e89-a35c-434a-9899-c4727c301038
ee6dfe8e-67df-4fc4-a9a0-9cd6b77d2808,962cdc61-85fe-4f54-bc62-fd66af31f71b
ab80a454-204e-4771-83f9-ccd0c9dfc578,96e7e582-1099-4f09-b398-61d569af4695
59e4fe91-ecf4-4d5e-926e-e55e44834175,973f3687-d6b9-46f0-900b-f479accab0e4
9e7c2af1-8528-40c6-91f2-4a9f26b18d0d,973f3687-d6b9-46f0-900b-f479accab0e4
d35667a5-b583-48a9-a2f2-454545402be0,984c02c0-580b-4b3f-bbe4-f6cdf7dc0f3d
ceeed064-599a-48f8-869b-c42070bc4932,987d3cbf-76fe-4f29-bd96-9662ac090a35
c9ac5fd9-f333-4689-822c-0308ab478e51,995f8efd-7daf-499c-88fe-f94e2cbb8d2d
d4466285-0234-49c2-97eb-822415f317c8,995f8efd-7daf-499c-88fe-f94e2cbb8d2d
be04ef11-9fc2-4cc5-b9be-283f7ea25779,9971172d-1ebf-4cc9-a988-be268c8c856a
a3253994-db6c-4fc2-9b13-6871dea61baa,9989f595-d46f-4f47-8366-a4a1106a91d4
dfc3697d-17cf-4448-84f8-eae86780c2b3,9a283b21-97d6-4915-a546-6dc4b3829f5a
c9ac5fd9-f333-4689-822c-0308ab478e51,9a2ac99c-7547-4aac-8643-bdda838a814f
ac30e4f7-8f39-4649-ab0e-c9d83a17a9e2,9aad0c22-9b4b-47f8-bc59-11b080fbd962
8cc2e778-1bef-46a4-b451-812516401eb0,9bb8b036-acd5-4698-9752-b1362f32c881
fb41bf1e-4af4-4a58-bbac-d4fa8d88a4e2,9c254f0c-e8b7-45dd-814f-09cd0c46654d
6425db68-d788-4e6a-9f1c-a83257b81121,9c4ead1f-0a71-43fe-9cd2-6f1c9409cd69
8e5b0655-81a2-402c-9026-097b472b1204,9c4ead1f-0a71-43fe-9cd2-6f1c9409cd69
29a8658e-483c-4455-a204-b8b0a1657754,9c971572-6120-4437-9c46-2ec8d94191ee
59e4fe91-ecf4-4d5e-926e-e55e44834175,9d4a0c8a-4317-4d15-a487-400d3c9dcaea
440747e8-1f40-4614-969c-f7ece2be8b0a,9ea9a6fd-2985-4663-b6af-c756de3c4b0c
8a15104b-4f25-4b90-9cc3-ea0e02393fe1,9ef36c14-e2f6-4048-a00c-c44c9004e220
63ac0bb7-f7fa-4ee2-86e7-1858d67778c8,a0484934-c621-4aa9-968b-fbb27e6e4c97
fcff8aa0-3924-428c-bde7-b4defd735477,a0484934-c621-4aa9-968b-fbb27e6e4c97
bacf28b0-396e-4c50-92bb-93e3629ef228,a0edaf82-b061-4bfd-9557-b369c924b4ce
a9e9651c-5310-4b22-89c5-6c2a4c06cf69,a0f10e06-be38-4076-be1e-3e71322d8d91
429a4ce2-9a9c-44b4-99a7-5acd865adefa,a28003d2-3f26-400d-a2ca-366b59e5e06b
d1d54908-2a19-4235-9d68-1aadbe73f66f,a298f6f0-385a-4a9e-a330-863ed9e05966
59e4fe91-ecf4-4d5e-926e-e55e44834175,a2b0511e-bd90-4e33-813a-4e839ff0d1a1
9e7c2af1-8528-40c6-91f2-4a9f26b18d0d,a2b0511e-bd90-4e33-813a-4e839ff0d1a1
b753ab1d-e1c2-482e-aa56-ec2dd448d933,a2b0511e-bd90-4e33-813a-4e839ff0d1a1
3f4589f1-a944-4935-81d3-cc32b153a1f2,a2b32569-2785-4f48-929e-04d64fd635d1
59e4fe91-ecf4-4d5e-926e-e55e44834175,a3760371-d089-4771-8c69-26b9043ef818
98b08409-88a9-4747-b31c-973302230c38,a3e3f892-9df4-42d7-979d-875a1058e36d
1ac04ed7-fb5e-48a7-96b8-4643507b0fd3,a71c84b7-6ac0-4b24-bf0f-397600ed0f37
bb171f83-630a-40ad-84d7-afbe061bd2c7,a71c84b7-6ac0-4b24-bf0f-397600ed0f37
bacf28b0-396e-4c50-92bb-93e3629ef228,aacda05c-00f2-4699-93c8-2dcb4369eaaf
46a57c56-6cf1-47be-ab07-d6705b179ce1,ab06eb30-88af-4407-a455-ab6becca15eb
5903b04f-5f18-4408-9f49-b98cb797507e,acdb2dd5-b13f-4415-9321-39dbdb62ce2a
63ac0bb7-f7fa-4ee2-86e7-1858d67778c8,acdb2dd5-b13f-4415-9321-39dbdb62ce2a
6425db68-d788-4e6a-9f1c-a83257b81121,ad4eb3b1-8cf0-451e-aa03-a4ba85be4a6e
dfc3697d-17cf-4448-84f8-eae86780c2b3,ad770cec-2b73-4aaa-9d16-a13af4cc97af
59e4fe91-ecf4-4d5e-926e-e55e44834175,af249848-82d0-4001-96db-fca38252baf0
9e7c2af1-8528-40c6-91f2-4a9f26b18d0d,af249848-82d0-4001-96db-fca38252baf0
06f8c025-8e5a-4159-9e93-51f1bf4c4086,af8e05f2-3f68-4f1e-9889-ab3922f11ab7
8a5f7080-9150-451d-9663-29fe39a20983,afd51a88-eb1c-4fa2-849d-584bb0479d70
a9e9651c-5310-4b22-89c5-6c2a4c06cf69,b00bb831-fabf-4f11-8a2b-43512e13dae6
4f604fe3-4e4f-42d9-8409-9190449b3603,b00c8a33-ff0b-49fb-96a5-561b19771d91
c51adc3e-99b8-4182-bb46-ddc67eff33e3,b106b637-6873-4cdd-b2ed-76664ae3a98e
b256805f-3828-4bbc-842d-f6426dfa4460,b2617fb8-93bc-4bd2-b880-7effa3ac0344
b7891640-5653-48f2-8837-a268715df93a,b349ca01-5e4e-49f7-88f2-42551f9b0494
dfc3697d-17cf-4448-84f8-eae86780c2b3,b38717e4-6bea-4b29-b1a0-2fe179c11f1f
876c5d71-9f2c-4044-a766-b917954de112,b3d11752-976e-4f3f-8449-f5d0a79405f3
db08f9a2-b1c2-42f4-9214-7ad080ad1a25,b4a495bd-2514-4824-a2a5-91e3159d10ca
be3c5d01-a03d-4c58-8fb8-48701ca5fa89,b509c73f-1f2c-4cb9-b10a-341af117fc47
8a15104b-4f25-4b90-9cc3-ea0e02393fe1,b524a975-8b98-4972-afa7-f1ef45f64ac8
38b0b90c-3e62-4c63-861c-b1ad7742d202,b57d1e24-48a8-456d-9994-682d5f02c851
fda15248-3283-44c1-8c3e-529331f825c3,b5d4d172-f640-4d79-bd83-ea99cad825b4
a30efb63-2d73-40cd-bc85-0cd7129a1d0a,b5edceb4-6155-4290-9ae2-324da054aab0
469c4e89-a9a4-42d1-b341-d5c833efacad,b707b675-399f-4c3f-b939-c073b95fc456
ceeed064-599a-48f8-869b-c42070bc4932,b95bc78b-a2f3-429a-a321-207f6e6c641c
440747e8-1f40-4614-969c-f7ece2be8b0a,bac52f37-ad73-40da-864e-4d5961ebe8a8
59e4fe91-ecf4-4d5e-926e-e55e44834175,bb83e91c-c771-4464-8818-68e864029152
481c9db0-dfb7-4f3f-af57-7ce46adfcbd6,bba296fe-eccd-4b57-8b62-5231ade7c5bd
a3253994-db6c-4fc2-9b13-6871dea61baa,bbc3142f-7b12-4684-923a-a8ba46ba1af6
ce82b7a4-2a15-4b7c-8e30-e64cf478d5b1,bc859363-8059-4421-aa4c-507eece9f777
ce82b7a4-2a15-4b7c-8e30-e64cf478d5b1,bcc9dbcd-c0b5-459f-a00e-be0179ec606f
0ebc260a-e8f5-4a66-8265-f7f063d1587e,bd1d6830-1b51-48ad-919a-789f4620ae1b
11202bc5-21a5-490d-bec1-91ff80857aa1,bdd24168-44e1-45ab-b96b-207bc18d52d2
ac2979ed-ade2-4e65-b26b-46ec024fd1ae,bed9e86e-920c-4cfa-8c4b-56f2712f431d
432a4581-8161-41e1-b50d-714281f16601,c08db80c-825a-4496-a3b6-c94382c95488
26196435-ea9a-4996-9330-150e9bc33c5a,c308ae4a-eca7-4d90-b4c9-1778cdd34a59
146718d2-7766-461d-81a2-eb575b8cabd1,c40376d0-a8e9-4aa6-af92-03dc794ee687
60846b32-df08-4e31-b869-781b72eb9de6,c44f2a61-c1ba-4e2b-be27-712770811440
60846b32-df08-4e31-b869-781b72eb9de6,c4d079fe-b674-4239-9409-94c1dcee9a4d
ab80a454-204e-4771-83f9-ccd0c9dfc578,c5dfba8c-f911-450b-b2a7-14cc728de866
c51adc3e-99b8-4182-bb46-ddc67eff33e3,c670ae9a-86c7-4a53-a466-38eabc94a357
5fe3a20f-4dc3-486c-9958-319fba5357e2,c683cda3-6b3b-4faa-9022-121dc7e2d39c
fb41bf1e-4af4-4a58-bbac-d4fa8d88a4e2,c6f4279d-457f-4667-87d9-7eb07e4d6007
487822fa-d294-42a8-8b85-132a8dc02e63,c7b50f44-7e10-4029-b673-7d90b2eac00f
544bd218-ce04-4d55-b352-d959a0699671,c7b87fd6-870f-401c-85a8-88c8d1f7ec4e
56d97a2a-0a10-4418-a9c1-d27fe3df2e1a,c86ea346-9fb2-4609-8406-7ccbd5c6f3d2
a89e2e2e-6a87-45f0-9780-23cc3bbdf5a7,c8d47531-cfb4-4928-bb58-6267c540ea77
d98c11a3-85b1-4ed3-8047-0fcb72f1a498,c90e23b9-19b4-46bc-bf32-ce182beb807b
adfb8d7f-935f-499f-9efc-1da582e03424,c944c8c0-5a0b-43c4-b6cb-88fdc17cd6a0
440747e8-1f40-4614-969c-f7ece2be8b0a,ca005da8-7c9e-4386-b2e2-1a4d48aec403
a31edffc-2a1c-4c76-ad14-b4e2f6d8d3da,ca2649bd-568b-42d8-ae88-46c48c57b1fe
56d97a2a-0a10-4418-a9c1-d27fe3df2e1a,ca7c046a-f68e-4af6-9e7b-d871a550c289
304cb8d5-4108-4cd6-882f-a157fde93bb0,cae4038e-e614-4db6-88b6-9f6768151952
1ac04ed7-fb5e-48a7-96b8-4643507b0fd3,caf9558f-7906-4589-a630-ef41c114bcff
ff2ec32d-049d-4de4-acb8-ff5642c3e761,cb56eb27-5050-4296-9195-861547a725a9
59e4fe91-ecf4-4d5e-926e-e55e44834175,cbc9e2fb-9861-436a-8795-e03d1b3cfd22
5794e459-9be0-4d64-a4a1-a0e4f9268f9d,cbd9509f-8fdf-4492-a265-8431f17da93c
304cb8d5-4108-4cd6-882f-a157fde93bb0,cc2a475e-591d-47b8-b138-ab4ced3e149e
7597cec3-c0f5-4e0c-b9c3-bf84a0c22da0,cc32490a-72d8-43b8-b7b9-03d8c83589c2
407333eb-f6b6-446b-99b8-e325d3232cc9,ccc1009e-ee55-4818-ac45-ca8319794827
c9adf5bb-0e3f-45fc-a666-757241bd085b,ccd1e260-2d1c-4c03-b7cd-a765e36d9582
3d4259ae-80ae-43e0-ba4f-12d5dedc8e98,cde584a0-09a6-42bf-a453-40adce5de329
68c9c6ee-283f-435c-a2fd-426483d12cb9,ce399c6b-3d49-4453-95dc-ee1db4d31611
77ca0504-bec2-4e07-949c-eb859c15f475,d003edbf-ab80-41a5-b134-1ab6fec552c6
ee6dfe8e-67df-4fc4-a9a0-9cd6b77d2808,d03d2135-7821-42af-ade1-bd97b693574a
38b0b90c-3e62-4c63-861c-b1ad7742d202,d04dc78a-472b-4044-8285-4cd9706152cc
ab5dfe38-fece-45ce-9755-5d38223e0f27,d11e4603-0530-4a33-9e5a-531b3460f49e
1ac04ed7-fb5e-48a7-96b8-4643507b0fd3,d253d3f8-46f9-4e0c-9ee4-0f2f0d5d396b
146718d2-7766-461d-81a2-eb575b8cabd1,d294b755-12ef-4f40-95e1-10fe571d4ebb
6b5fe799-14b3-45e3-84c2-b8002829a497,d37ae708-ab92-4696-86cb-08b32d1ee03a
4a757b53-435f-4cf1-9e75-791d9c144e76,d3a9b210-ca1c-4fef-8c5d-1b99b0d41651
5fe3a20f-4dc3-486c-9958-319fba5357e2,d475b34f-d4a4-40c4-ad9c-91b3b1cd24f0
6ce2ca9c-da83-4307-8c4d-062d1307a1b5,d4a2e572-decc-475e-93fe-967092ec6e71
d4466285-0234-49c2-97eb-822415f317c8,d51daae0-819e-450f-a4d2-d9838a5803eb
a3253994-db6c-4fc2-9b13-6871dea61baa,d52fd729-15e8-4152-9308-07e8ab2aed3a
c9ac5fd9-f333-4689-822c-0308ab478e51,d6a3713d-3ede-418f-ae18-ddf0a5548022
bacf28b0-396e-4c50-92bb-93e3629ef228,d6c522e1-4303-4c5e-8e9b-0bfe3a706e4a
59e4fe91-ecf4-4d5e-926e-e55e44834175,d72cae76-dacd-42de-bb65-352eb2643f46
d3f7d225-1792-4b20-9baa-3f2b1c692b9b,d7b8b556-5a72-4183-8826-999389d41542
6425db68-d788-4e6a-9f1c-a83257b81121,d7fda88e-0693-4614-b58d-b7d0a1dd89a7
48c64eed-bbb3-48f0-8420-d22c8561b1f3,d828068b-36dc-4b36-a0ca-38add020d4d5
5fe3a20f-4dc3-486c-9958-319fba5357e2,d8ce69bf-021d-44ea-9d18-e4e6535e441f
31170861-de64-44d2-ae79-602358b85a5c,d8e0d980-433d-4a74-9c5a-28af43bff88f
a30efb63-2d73-40cd-bc85-0cd7129a1d0a,d9ef7590-1592-4c62-83a3-40deda6f596f
60846b32-df08-4e31-b869-781b72eb9de6,d9fa3190-d169-405d-b91c-77608c06203e
37d3aff9-b6a0-414f-9537-299efdc7c143,da924235-eaf9-4d0f-a36f-3b3933fa7cb7
3b37ff30-5f88-4d23-a604-dbf0d74e5e95,dabe5570-3c92-485b-b4f3-f98c0cbdb28c
77ca0504-bec2-4e07-949c-eb859c15f475,dac4f9e3-5638-4c74-acdd-9dc3cc17f8e8
1ac04ed7-fb5e-48a7-96b8-4643507b0fd3,dac53389-34ba-42a3-ad75-1cb4bff2a060
d1d54908-2a19-4235-9d68-1aadbe73f66f,db131577-f452-4e86-82da-18e0c8c09113
46a57c56-6cf1-47be-ab07-d6705b179ce1,dbcfe330-815d-4ba1-b8e2-99ba3a472d5b
469c4e89-a9a4-42d1-b341-d5c833efacad,dc538160-d45c-45e1-a7f3-76606a6bce8c
b7c23b47-8ee6-4bd6-b2e1-f0110f36cc16,dd389db0-1cb5-40d2-b097-ea3f3c920dd6
b7c23b47-8ee6-4bd6-b2e1-f0110f36cc16,dd916dc6-57c0-4ab9-bca3-2a97084369b4
6eadff71-abef-4519-a840-926c7c184539,ddd5f43c-5506-4954-ad16-2d75d8a46386
26196435-ea9a-4996-9330-150e9bc33c5a,dde381a7-c759-4ee7-9c07-365f79a168e2
342f8f12-bf46-43a1-b6c2-b27f40fbcd0d,debc603b-4390-49d6-8fea-603ee89a813f
1fafaa57-0253-45da-a027-976095bd1cbd,df06cdb9-d39b-4c94-ab84-6e251c17167f
59e4fe91-ecf4-4d5e-926e-e55e44834175,df36927f-f2a5-497b-8e31-f064ddd5a904
9e7c2af1-8528-40c6-91f2-4a9f26b18d0d,df36927f-f2a5-497b-8e31-f064ddd5a904
503941ec-b770-4e49-acc6-d92a4b9a75d0,e01c33a5-6644-418d-a24f-06bee819c8cb
cc3ec136-8827-442f-9aae-51cf0b95d93c,e105bdae-24f2-48c5-8d25-f52f31f6a8f6
ac30e4f7-8f39-4649-ab0e-c9d83a17a9e2,e1a80f24-2ff8-4e8c-8866-3fea77b160ac
bae3e4f9-9154-4eb1-890b-9691b650122f,e1ad9b6e-40e0-447a-8720-99799726d1b0
37d3aff9-b6a0-414f-9537-299efdc7c143,e26b0003-8d7d-479c-a413-3a77391d502c
0c50fdcb-fb09-403b-b64b-534f1cb4f110,e3720602-677e-4d8f-a570-033f269d4d8d
304cb8d5-4108-4cd6-882f-a157fde93bb0,e40cce10-d47b-484a-adca-fa9f76a0e971
d4466285-0234-49c2-97eb-822415f317c8,e61717d7-0a03-41a1-acbd-93b4a8f0bd4b
401a6dbe-f3a3-4807-884c-6dc414e74f19,e656e64c-9ea8-4511-a068-f91e0f1e5c2a
6ce2ca9c-da83-4307-8c4d-062d1307a1b5,e656e64c-9ea8-4511-a068-f91e0f1e5c2a
ce82b7a4-2a15-4b7c-8e30-e64cf478d5b1,e677df57-0a16-4aeb-81f4-eb3f0b64bddd
ce82b7a4-2a15-4b7c-8e30-e64cf478d5b1,e6892e45-1a37-4804-a788-645c86d71142
d35667a5-b583-48a9-a2f2-454545402be0,e747171a-1b4e-40c8-b0a0-8f76c81e58f4
dfaaa751-378f-49ed-9a46-d9a7a1dde9f9,e80ddca8-0fab-48d9-adc6-8e294eeb7400
fb41bf1e-4af4-4a58-bbac-d4fa8d88a4e2,e8d1a622-fe51-4c14-a684-52be856b9667
3cb69866-abf0-4b75-ad00-6efcf3d8a17d,e8f3db47-9826-4f21-8e84-1ce89a90a9ec
c5361824-d884-46b3-95ff-1b168290fad9,e8f3db47-9826-4f21-8e84-1ce89a90a9ec
304cb8d5-4108-4cd6-882f-a157fde93bb0,ea01a628-7074-4de3-a899-5e5a73116f1f
fb41bf1e-4af4-4a58-bbac-d4fa8d88a4e2,ea35db90-391e-4baf-b27c-b129e332db64
c9ac5fd9-f333-4689-822c-0308ab478e51,ea6045ff-8d71-4655-9413-b24201fd8c20
6425db68-d788-4e6a-9f1c-a83257b81121,eaa6a6e1-5936-4db1-9355-21cac459120e
bacf28b0-396e-4c50-92bb-93e3629ef228,eae9b596-1e73-4a22-bf7f-4bf7cbe29a57
dfaaa751-378f-49ed-9a46-d9a7a1dde9f9,eb108d80-39b3-4c84-8756-3abe4e84536b
efd075e5-8aa2-45e8-91f4-5e30ccac671b,eb1f662f-5091-412b-a4d6-24fb4dce89b6
42d2cdc9-7cec-4d26-a4f0-cd39f03aca67,eb8d3602-8fa9-47cd-a53a-2fc5c97eef9e
c9ac5fd9-f333-4689-822c-0308ab478e51,ec07ee91-0f47-4e06-a1e8-2d8e3426409a
6425db68-d788-4e6a-9f1c-a83257b81121,edc96f02-e59e-4143-bb21-d4ee518094e0
46a57c56-6cf1-47be-ab07-d6705b179ce1,ede7f4e1-d165-4ace-aa1a-2c2ffb3da510
26196435-ea9a-4996-9330-150e9bc33c5a,ef011a98-7f8d-4300-8e2f-8d4a1f819e37
d4466285-0234-49c2-97eb-822415f317c8,ef59806b-9725-433e-bf40-67a96ae7b4b0
6eadff71-abef-4519-a840-926c7c184539,efac97bb-3d58-45cd-9b69-45fc53301e12
d1018852-5bda-40f2-a766-107a9e4f2a60,efed4dff-bf46-43b9-8b9a-dfedebcfdd86
ce82b7a4-2a15-4b7c-8e30-e64cf478d5b1,f025286b-2647-42f9-9313-e33fe8fc04c3
14113286-cfbc-41d1-b7e1-d77db4fbc23b,f05a99e3-9f31-41db-b385-1c0d9f65dd49
a3253994-db6c-4fc2-9b13-6871dea61baa,f05b5ba5-720c-4250-8350-07a2446a3ccc
6ce2ca9c-da83-4307-8c4d-062d1307a1b5,f05fe597-1547-4196-b430-91fd2e4f2f33
030d4beb-22b9-4e03-8f79-692c4d1faf29,f090c8fc-db82-474e-bf9a-f590172c986e
6ce2ca9c-da83-4307-8c4d-062d1307a1b5,f0adf8b9-4b54-46e6-bc68-07dcddb542d1
25afd8c6-c4a0-450d-8bbd-d29501a7d91a,f1f13342-b547-422b-9b47-de27ada6c532
5903b04f-5f18-4408-9f49-b98cb797507e,f208aa1c-0eaa-4388-a137-0373d298c8d3
63ac0bb7-f7fa-4ee2-86e7-1858d67778c8,f208aa1c-0eaa-4388-a137-0373d298c8d3
6425db68-d788-4e6a-9f1c-a83257b81121,f25f92b1-226f-4404-84ad-9fb451523651
84efab80-a93a-433a-806c-aa1af8f924ab,f25f92b1-226f-4404-84ad-9fb451523651
1ac04ed7-fb5e-48a7-96b8-4643507b0fd3,f29205f9-b17a-4030-a43f-2247dc4482bc
59e4fe91-ecf4-4d5e-926e-e55e44834175,f299615c-3d18-4d8d-aac4-b06407cf02f9
9e7c2af1-8528-40c6-91f2-4a9f26b18d0d,f299615c-3d18-4d8d-aac4-b06407cf02f9
8cc2e778-1bef-46a4-b451-812516401eb0,f2f95e62-dfac-4c4e-beda-dc9fc15cbba7
1fafaa57-0253-45da-a027-976095bd1cbd,f3442014-07c1-4899-b9fc-d8d910f3867a
c1e4898e-e545-4ec8-a5fa-2d125a101432,f3e73767-0735-4189-86b6-ca87a3cfa462
26196435-ea9a-4996-9330-150e9bc33c5a,f48ac1dd-e1b3-4de7-9192-799425084296
60846b32-df08-4e31-b869-781b72eb9de6,f495c364-443a-411f-87c0-d7aa0a216547
6ce2ca9c-da83-4307-8c4d-062d1307a1b5,f4da73b2-1eb1-49ca-aa2e-01330af76494
56d97a2a-0a10-4418-a9c1-d27fe3df2e1a,f51d4d90-6063-402a-9bf0-219f63d872f6
2f214f05-6b7a-4e00-8001-8c8508dae015,f5784307-f920-411d-8cc5-770000e8801b
959efd2f-c1e9-45a2-894f-5a5f2eefd71d,f5816998-3501-4b3e-b03e-48f9704ae0c5
da9d2ce3-3b1f-4fe2-b9aa-383a5a4ba1de,f5bf64ca-caef-4b79-8d4b-03bb90e8fac2
60846b32-df08-4e31-b869-781b72eb9de6,f5bfa16f-bc8f-45b1-89d8-8b08478e33a2
b256805f-3828-4bbc-842d-f6426dfa4460,f65d4567-bf17-4da2-8cc2-509284ca47b9
7cad3067-4717-4c5f-a642-efffc3de1b85,f75b7b2f-b9cc-4318-ae3a-9203fed62fe1
26196435-ea9a-4996-9330-150e9bc33c5a,f7aa5173-1844-4694-841f-aefb887e0899
ceeed064-599a-48f8-869b-c42070bc4932,f940f595-f931-4758-bc07-5fd1ffe063d6
c51adc3e-99b8-4182-bb46-ddc67eff33e3,f95e2b5b-7189-445b-a5f5-4108311f8cfa
503941ec-b770-4e49-acc6-d92a4b9a75d0,f9ee17f4-64bc-4041-ab01-87562cb6cd5b
503941ec-b770-4e49-acc6-d92a4b9a75d0,fa4049bc-eefc-4285-8f92-310b701319f4
29a8658e-483c-4455-a204-b8b0a1657754,fa6bb950-bcf3-491f-bfe0-480710d61a76
8cc2e778-1bef-46a4-b451-812516401eb0,fc27f732-cb07-4780-9414-41ae92cb6980
3f4589f1-a944-4935-81d3-cc32b153a1f2,fcbe36ba-f97b-48bf-9b25-f8e9dba8b9a6
5fe3a20f-4dc3-486c-9958-319fba5357e2,fd3dcfcc-f74b-423d-8c35-3e11d02b924d
146718d2-7766-461d-81a2-eb575b8cabd1,fd5cdfbb-5e16-421c-9b46-daf4220c095f
bacf28b0-396e-4c50-92bb-93e3629ef228,fdb8e365-144f-4e9a-9e9f-8c7813f7cd73
d35667a5-b583-48a9-a2f2-454545402be0,fecb587a-d7d0-496a-ae10-e966626b2acc
68c9c6ee-283f-435c-a2fd-426483d12cb9,ffaff11e-7466-45b8-b3a0-ae4c44acdc0e
