<?xml version="1.0" encoding="UTF-8"?>
<project-private xmlns="http://www.netbeans.org/ns/project-private/1">
    <editor-bookmarks xmlns="http://www.netbeans.org/ns/editor-bookmarks/2" lastBookmarkId="0"/>
    <open-files xmlns="http://www.netbeans.org/ns/projectui-open-files/2">
        <group>
            <file>file:/Applications/MAMP/htdocs/DentalGameManager/editquestions.php</file>
            <file>file:/Applications/MAMP/htdocs/DentalGameManager/questions2.php</file>
            <file>file:/Applications/MAMP/htdocs/DentalGameManager/viewquestions_level1_2.php</file>
            <file>file:/Applications/MAMP/htdocs/DentalGameManager/addquestiontodb.php</file>
            <file>file:/Applications/MAMP/htdocs/DentalGameManager/viewquestions_level1.php</file>
            <file>file:/Applications/MAMP/htdocs/DentalGameManager/index.php</file>
            <file>file:/Applications/MAMP/htdocs/DentalGameManager/questions.php</file>
        </group>
    </open-files>
</project-private>
